<?xml version="1.0" encoding="UTF-8"?>
<!--

Lightning 1.0
*************

Mapsforge map style for Openandromaps
by Tobias Kuehn
Contact: http://www.eartrumpet.net/contact/


License:
********

This  map style is licensed under a Creative Commons Attribution-NonCommercial-ShareAlike 3.0 Unported License: http://creativecommons.org/licenses/by-nc-sa/3.0/
Please have a look at read_me_lightning.txt for reuse and licenses of resources used in this theme.

-->
<rendertheme xmlns="http://mapsforge.org/renderTheme" xmlns:xsi="http://www.w3.org/2001/XMLSchema-instance" xsi:schemaLocation="http://mapsforge.org/renderTheme ../renderTheme.xsd" version="1" map-background="#F8F8F8">


<!-- render land above water -->
	<rule e="way" k="natural" v="sea">
		<area fill="#B3DDFF" />

	</rule>
	<rule e="way" k="natural" v="nosea">
		<area fill="#F8F8F8" stroke="#F8F8F8" stroke-width="1.0" />
	</rule>

<!-- landcover -->
	<rule e="way" k="tunnel" v="~|no">
		<rule e="way" k="landuse|power|amenity|aeroway" v="residential|farmyard|retail|commercial|industrial|brownfield|railway|garages|construction|landfill|school|college|university|aerodrome" zoom-min="13">
			<area fill="#F0F2E9" />
		</rule>
		<rule e="way" k="boundary" v="~">
			<rule e="way" k="leisure" v="park" zoom-min="14">
				<area fill="#C7F1A3" />
			</rule>
		</rule>
		<rule e="way" k="leisure|tourism|landuse" v="zoo|picnic_site|camp_site|caravan_site|recreation_ground" zoom-min="14">
			<area fill="#BBC7F1A3" />
		</rule>
		<rule e="way" k="natural|landuse" v="forest|wood">
			<area fill="#A5CBA5" />
		</rule>
		<rule e="way" k="landuse|natural" v="meadow|grass|grassland|fell" zoom-min="13">
			<area fill="#E6FFDB" />
		</rule>
		<rule e="way" k="landuse" v="field|farm|farmland" zoom-min="13">
			<area fill="#F5FFDB" />
		</rule>
		<rule e="way" k="natural" v="marsh|wetland" zoom-min="13">
			<area fill="#D0D9BF" />
		</rule>
		<rule e="way" k="natural|landuse" v="scrub|heath|orchard|vineyard" zoom-min="14">
			<area fill="#BFE0B4" />
		</rule>
		<rule e="way" k="natural" v="glacier">
			<area fill="#E0FFFF"/>
		</rule>
		<rule e="way" k="landuse|natural" v="quarry|scree|shingle" zoom-min="14">
			<area fill="#F2EFE4" />
		</rule>
		<rule e="way" k="natural" v="rock|bare_rock" zoom-min="14">
			<area fill="#E5E5E5" />
		</rule>
		<rule e="way" k="natural" v="beach|sand|desert" zoom-min="12">
			<area fill="#FAEBB9" />
		</rule>
		<rule e="way" k="landuse|leisure" v="garden|village_green|common" zoom-min="14">
			<area fill="#C7F1A3" />
		</rule>
		<rule e="way" k="landuse|leisure|amenity" v="allotments|greenfield|golf_course|cemetery|grave_yard" zoom-min="14">
			<area fill="#D3EBD9" />
		</rule>
	</rule>

<hillsgading/>

<!-- tunnels -->
	<rule e="way" k="tunnel" v="yes" zoom-min="13">
		<!-- highway tunnel -->
		<rule e="way" k="highway" v="steps|footway|path|bridleway|cycleway">
			<line stroke="#60999999" stroke-width="0.4" stroke-dasharray="12,4" stroke-linecap="butt" />
		</rule>
		<rule e="way" k="highway" v="track|byway|service|pedestrian">
			<line stroke="#60999999" stroke-width="0.8" stroke-dasharray="12,4" stroke-linecap="butt" />
		</rule>
		<rule e="way" k="highway" v="road|unclassified|residential|living_street|construction">
			<line stroke="#60999999" stroke-width="1.1" stroke-dasharray="12,4" stroke-linecap="butt" />
		</rule>
		<rule e="way" k="highway" v="tertiary|tertiary_link|secondary_link|primary_link|trunk_link|motorway_link|secondary|primary|trunk">
			<line stroke="#60999999" stroke-width="1.3" stroke-dasharray="16,6" stroke-linecap="butt" />
		</rule>
		<rule e="way" k="highway" v="motorway">
			<line stroke="#60999999" stroke-width="1.5" stroke-dasharray="20,8" stroke-linecap="butt" />
		</rule>

		<!-- railway tunnel -->
		<rule e="way" k="railway|highway" v="tram|subway|light_rail|narrow_gauge|preserved|funicular|miniature|bus_guideway|disused|abandoned">
			<line stroke="#60999999" stroke-width="0.25" stroke-dasharray="4,6" stroke-linecap="butt" />
		</rule>
		<rule e="way" k="railway" v="rail">
			<line stroke="#60999999" stroke-width="0.4" stroke-dasharray="6,6" stroke-linecap="butt" />
		</rule>
	</rule>

<!-- map border -->
	<rule e="way" k="boundary" v="map_inner" zoom-max="13">
		<line stroke="#F2E6DA" stroke-width="6" stroke-linecap="butt" />
	</rule>

<!-- contour lines -->
	<rule e="way" k="contour_ext" v="*" zoom-max="9">
		<rule e="way" k="contour_ext" v="elevation_major">
			<line stroke="#A07F5F" stroke-width="0.3" />
		</rule>
	</rule>
	<rule e="way" k="contour_ext" v="*" zoom-min="10" zoom-max="12">
		<rule e="way" k="contour_ext" v="elevation_medium">
			<line stroke="#A07F5F" stroke-width="0.2" />
		</rule>
		<rule e="way" k="contour_ext" v="elevation_major">
			<line stroke="#A07F5F" stroke-width="0.5" />
		</rule>
	</rule>
	<rule e="way" k="contour_ext" v="*" zoom-min="13" zoom-max="13">
		<rule e="way" k="contour_ext" v="elevation_minor">
			<line stroke="#A07F5F" stroke-width="0.2" />
		</rule>
		<rule e="way" k="contour_ext" v="elevation_medium|elevation_major">
			<line stroke="#A07F5F" stroke-width="0.5" />
		</rule>
	</rule>
	<rule e="way" k="contour_ext" v="*" zoom-min="14" zoom-max="14">
		<rule e="way" k="contour_ext" v="elevation_minor">
			<line stroke="#A07F5F" stroke-width="0.15" />
		</rule>
		<rule e="way" k="contour_ext" v="elevation_medium|elevation_major">
			<line stroke="#A07F5F" stroke-width="0.4" />
			<pathText k="ele" font-style="bold" font-size="7" fill="#7C583A" stroke="#FFFFFF" stroke-width="1.0" />
		</rule>
	</rule>
	<rule e="way" k="contour_ext" v="*" zoom-min="15" zoom-max="15">
		<rule e="way" k="contour_ext" v="elevation_minor" zoom-max="15">
			<line stroke="#A07F5F" stroke-width="0.12" />
		</rule>
		<rule e="way" k="contour_ext" v="elevation_medium|elevation_major">
			<line stroke="#A07F5F" stroke-width="0.3" />
			<pathText k="ele" font-style="bold" font-size="8" fill="#7C583A" stroke="#FFFFFF" stroke-width="1.0" />
		</rule>
	</rule>
	<rule e="way" k="contour_ext" v="*" zoom-min="16" zoom-max="16">
		<rule e="way" k="contour_ext" v="elevation_minor">
			<line stroke="#A07F5F" stroke-width="0.08" />
		</rule>
		<rule e="way" k="contour_ext" v="elevation_medium|elevation_major">
			<line stroke="#A07F5F" stroke-width="0.2" />
			<pathText k="ele" font-style="bold" font-size="9" fill="#7C583A" stroke="#FFFFFF" stroke-width="2.0" />
		</rule>
	</rule>
	<rule e="way" k="contour_ext" v="*" zoom-min="17">
		<rule e="way" k="contour_ext" v="elevation_minor">
			<line stroke="#A07F5F" stroke-width="0.06" />
		</rule>
		<rule e="way" k="contour_ext" v="elevation_medium|elevation_major">
			<line stroke="#A07F5F" stroke-width="0.15" />
			<pathText k="ele" font-style="bold" font-size="9" fill="#7C583A" stroke="#FFFFFF" stroke-width="2.0" />
		</rule>
	</rule>

<!-- highway areas -->
	<rule e="way" k="tunnel" v="~|no" zoom-min="13">
		<rule e="way" k="area" v="yes">
			<rule e="way" k="highway" v="footway|pedestrian">
				<area fill="#CCCCCC" />
			</rule>
			<rule e="way" k="highway" v="path">
				<area fill="#9C6800" />
			</rule>
			<rule e="way" k="highway" v="service|unclassified|residential|road|living_street">
				<area fill="#AAAAAA" />
			</rule>
		</rule>
		<rule e="way" k="area:highway" v="pedestrian">
			<area fill="#CCCCCC" />
		</rule>
	</rule>

<!-- waterways -->
	<rule e="way" k="bridge" v="yes|viaduct|movable">
		<rule e="way" k="waterway" v="ditch|drain|stream">
			<line stroke="#333333" stroke-width="1.2" stroke-linecap="butt" />
		</rule>
		<rule e="way" k="waterway" v="canal|river">
			<line stroke="#333333" stroke-width="1.6" stroke-linecap="butt" />
		</rule>
	</rule>
	<rule e="way" k="waterway" v="ditch">
		<line stroke="#B3DDFF" stroke-width="0.6" />
	</rule>
	<rule e="way" k="waterway" v="drain">
		<line stroke="#B3DDFF" stroke-width="0.5" stroke-linecap="butt" />
	</rule>
	<rule e="way" k="waterway" v="canal">
		<line stroke="#B3DDFF" stroke-width="0.9" stroke-linecap="butt" />
	</rule>
	<rule e="way" k="waterway" v="stream">
		<line stroke="#B3DDFF" stroke-width="0.6" />
	</rule>
	<rule e="way" k="waterway" v="river">
		<line stroke="#B3DDFF" stroke-width="1.1" />
	</rule>
	<rule e="way" k="waterway" v="riverbank">
		<area fill="#B3DDFF" />
	</rule>
	<rule e="way" k="natural|landuse" v="water|reservoir|basin">
		<area fill="#B3DDFF" />
	</rule>
	<rule e="way" k="waterway" v="river" zoom-min="13">
		<pathText k="name" font-style="bold" font-size="11" fill="#FFFFFF" stroke="#6C96E6" stroke-width="2.0" />
	</rule>
	<rule e="way" k="waterway" v="stream|canal|ditch|drain" zoom-min="14">
		<pathText k="name" font-style="bold" font-size="10" fill="#FFFFFF" stroke="#6C96E6" stroke-width="2.0" />
	</rule>

	<!-- underground waterways -->
	<rule e="way" k="tunnel" v="yes" zoom-min="14">
		<rule e="way" k="waterway" v="ditch|stream">
			<line stroke="#90FFFFFF" stroke-width="0.4" stroke-dasharray="20,2" stroke-linecap="butt" />
		</rule>
		<rule e="way" k="waterway" v="drain">
			<line stroke="#90FFFFFF" stroke-width="0.5" stroke-dasharray="20,2" stroke-linecap="butt" />
		</rule>
		<rule e="way" k="waterway" v="canal|river">
			<line stroke="#90FFFFFF" stroke-width="0.9" stroke-dasharray="20,2" stroke-linecap="butt" />
		</rule>
	</rule>

<!-- natural ways -->
	<rule e="way" k="natural" v="cliff" zoom-min="14">
		<line stroke="#70606060" stroke-width="1" stroke-dasharray="2,2" stroke-linecap="butt" />
		<pathText k="name" font-style="bold_italic" font-family="serif" font-size="10" fill="#666666" stroke="#FFFFFF" stroke-width="2.0" />
	</rule>

<!-- POI areas -->
	<rule e="way" k="tunnel" v="~|no">
		<rule e="way" k="amenity" v="parking">
			<area fill="#FFFFD1" />
		</rule>
	</rule>
	<rule e="way" k="leisure" v="track|playground|pitch|dog_park" closed="yes" zoom-min="14">
		<area fill="#D3EBD9" />
	</rule>

<!-- non-physical boundaries -->
	<!-- administrative borders -->
	<rule e="way" k="admin_level" v="2">
		<rule e="any" k="*" v="*" zoom-max="13">
			<line stroke="#666666" stroke-width="2.5" />
		</rule>
		<rule e="any" k="*" v="*" zoom-min="14">
			<line stroke="#888888" stroke-width="0.4" />
			<line stroke="#333333" stroke-width="0.4" stroke-dasharray="15,15" stroke-linecap="butt" />
		</rule>
	</rule>
	<rule e="way" k="admin_level" v="4">
		<rule e="any" k="*" v="*" zoom-max="8">
			<line stroke="#666666" stroke-width="1.5" stroke-dasharray="8,5" stroke-linecap="butt" />
		</rule>
		<rule e="any" k="*" v="*" zoom-min="9" zoom-max="13">
			<line stroke="#666666" stroke-width="1.0" stroke-dasharray="9,3" stroke-linecap="butt" />
		</rule>
		<rule e="any" k="*" v="*" zoom-min="14">
			<line stroke="#666666" stroke-width="0.4" stroke-dasharray="12,6" stroke-linecap="butt" />
		</rule>
	</rule>
	<rule e="way" k="landuse" v="~">
		<rule e="way" k="military" v="*" zoom-min="12">
			<area fill="#10DF003F" />
			<rule e="any" k="*" v="*" zoom-min="15">
				<line stroke="#48A82622" stroke-width="1" stroke-dasharray="15, 5, 5, 5" stroke-linecap="butt" />
			</rule>
		</rule>
	</rule>
	<rule e="way" k="military" v="~">
		<rule e="way" k="landuse" v="military" zoom-min="12">
			<area fill="#20DF003F" />
			<rule e="any" k="*" v="*" zoom-min="15">
				<line stroke="#48A82622" stroke-width="0.7" stroke-dasharray="15, 5, 5, 5" stroke-linecap="butt" />
			</rule>
		</rule>
	</rule>
	<rule e="way" k="leisure|boundary" v="nature_reserve|national_park|protected_area" zoom-min="15">
		<rule e="any" k="protect_class" v="1|~">
			<line stroke="#909DFF9C" stroke-width="0.7" stroke-dasharray="15, 5, 5, 5" stroke-linecap="butt" />
			<pathText k="name" font-style="bold_italic" font-family="serif" font-size="12" fill="#FFFFFF" stroke="#7DAD7D" stroke-width="2.0" />
		</rule>
	</rule>

<!-- buildings etc -->
	<rule e="way" k="waterway" v="weir" closed="no" zoom-min="14">
		<line stroke="#E6DFDF" stroke-width="0.7" stroke-linecap="butt" />
		<line stroke="#B3DDFF" stroke-width="0.5" stroke-dasharray="3,4" stroke-linecap="butt" />
	</rule>
	<rule e="way" k="waterway" v="weir" closed="yes" zoom-min="14">
		<line stroke="#E6DFDF" stroke-width="0.2" />
		<area fill="#E6DFDF" />
	</rule>
	<rule e="way" k="waterway" v="dam" zoom-min="14">
		<rule e="any" k="*" v="*" closed="no">
			<line stroke="#E6DFDF" stroke-width="1.2" />
		</rule>
		<rule e="any" k="*" v="*" closed="yes">
			<area fill="#E6DFDF" />
		</rule>
		<rule e="any" k="*" v="*" zoom-min="18">
			<caption k="name" font-style="bold" font-size="10" fill="#666666" stroke="#FFFFFF" stroke-width="2.0" />
		</rule>
	</rule>
	<rule e="way" k="building" v="*" zoom-min="14">
		<area fill="#E6DFDF" />
	</rule>
	<rule e="way" k="aeroway|waterway" v="terminal|dock" zoom-min="14">
		<area fill="#E6DFDF" />
		<rule e="any" k="*" v="*" zoom-min="18">
			<caption k="name" font-style="bold" font-size="10" fill="#666666" stroke="#FFFFFF" stroke-width="2.0" />
		</rule>
	</rule>
	<rule e="node" k="aeroway" v="gate">
		<caption k="name" font-style="bold" font-size="10" fill="#FFD900" stroke="#000000" stroke-width="2" />
		<caption k="ref" font-style="bold" font-size="10" fill="#FFD900" stroke="#000000" stroke-width="2" />
	</rule>

<!-- bridges -->
	<rule e="way" k="bridge" v="yes|movable" zoom-min="14">
		<rule e="any" k="area" v="~">
			<rule e="way" k="railway|highway" v="subway|narrow_gauge|preserved|funicular|miniature|tram|light_rail|bus_guideway|disused|abandoned|rail">
				<line stroke="#DDDDDD" stroke-width="0.9" stroke-linecap="butt" />
			</rule>
			<rule e="way" k="highway" v="steps|footway|path|bridleway|cycleway">
				<line stroke="#DDDDDD" stroke-width="1.0" stroke-linecap="butt" />
			</rule>
			<rule e="way" k="highway" v="track|byway">
				<line stroke="#DDDDDD" stroke-width="2.0" stroke-linecap="butt" />
			</rule>
			<rule e="way" k="highway" v="service|pedestrian">
				<line stroke="#DDDDDD" stroke-width="1.7" stroke-linecap="butt" />
			</rule>
			<rule e="way" k="highway" v="construction">
				<line stroke="#90DDDDDD" stroke-width="2.1" stroke-linecap="butt" />
			</rule>
			<rule e="way" k="highway" v="road|unclassified|residential|living_street">
				<line stroke="#DDDDDD" stroke-width="2.1" stroke-linecap="butt" />
			</rule>
			<rule e="way" k="highway" v="tertiary|tertiary_link|secondary_link|primary_link|trunk_link|secondary|primary|trunk|motorway_link|motorway">
				<line stroke="#DDDDDD" stroke-width="2.3" stroke-linecap="butt" />
			</rule>
		</rule>
	</rule>

<!-- highways -->
	<rule e="node" k="highway" v="turning_circle|mini_roundabout" zoom-min="15">
		<circle radius="1.3" scale-radius="true" fill="#AAAAAA" />
	</rule>
	<rule e="way" k="tunnel" v="~|no">
		<!-- no area -->
		<rule e="way" k="area" v="~|no">
			<!-- highway cores -->
			<rule e="way" k="highway" v="bridleway" zoom-min="13">
				<line stroke="#DEC8B1" stroke-width="0.4" stroke-dasharray="1,10" stroke-linecap="round" />
			</rule>
			<rule e="any" k="*" v="*" zoom-min="13">
				<rule e="way" k="highway" v="footway">
					<line stroke="#888888" stroke-width="0.4" stroke-dasharray="12,1" stroke-linecap="butt" />
				</rule>
				<rule e="way" k="highway" v="path">
					<line stroke="#9C6800" stroke-width="0.4" stroke-dasharray="12,1" stroke-linecap="butt" />
				</rule>
				<rule e="way" k="highway" v="steps">
					<line stroke="#888888" stroke-width="0.4" stroke-linecap="butt" />
					<line stroke="#DDDDDD" stroke-width="0.4" stroke-dasharray="3,3" stroke-linecap="butt" />
				</rule>
			</rule>
			<rule e="way" k="highway" v="track|byway">
				<rule e="way" k="tracktype" v="grade1" zoom-min="12">
					<line stroke="#AAAAAA" stroke-width="1.1" />
				</rule>
				<rule e="way" k="tracktype" v="grade2|grade3|grade4|grade5|~" zoom-min="12">
					<line stroke="#DEC8B1" stroke-width="1.1" stroke-dasharray="18,1" stroke-linecap="butt" />
				</rule>
			</rule>
			<rule e="way" k="highway" v="cycleway" zoom-min="13">
				<line stroke="#297ACC" stroke-width="0.4" stroke-dasharray="12,1" stroke-linecap="butt" />
			</rule>
			<rule e="way" k="highway" v="service" zoom-min="12">
				<line stroke="#AAAAAA" stroke-width="1.0" />
			</rule>
			<rule e="way" k="highway" v="construction" zoom-min="12">
				<line stroke="#DDDDDD" stroke-width="1.3" stroke-dasharray="12,3" stroke-linecap="butt" />
			</rule>
			<rule e="way" k="highway" v="pedestrian" zoom-min="12">
				<line stroke="#CCCCCC" stroke-width="1.3" />
			</rule>
			<rule e="way" k="highway" v="unclassified|residential|living_street|road|ford" zoom-min="12">
				<line stroke="#AAAAAA" stroke-width="1.3" />
			</rule>
			<rule e="way" k="highway" v="tertiary_link" zoom-min="11">
				<line stroke="#FFD700" stroke-width="1.5" />
			</rule>
			<rule e="way" k="highway" v="secondary_link" zoom-min="10">
				<line stroke="#FFD700" stroke-width="1.5" />
			</rule>
			<rule e="way" k="highway" v="primary_link" zoom-min="8">
				<line stroke="#FFD700" stroke-width="1.5" />
			</rule>
			<rule e="way" k="highway" v="trunk_link" zoom-min="8">
				<line stroke="#FFD700" stroke-width="1.5" />
			</rule>
			<rule e="way" k="highway" v="motorway_link" zoom-min="8">
				<line stroke="#FF5500" stroke-width="1.5" />
			</rule>
			<rule e="way" k="highway" v="tertiary" zoom-min="11">
				<line stroke="#FFD700" stroke-width="1.5" />
			</rule>
			<rule e="way" k="highway" v="secondary" zoom-min="10">
				<line stroke="#FFBB00" stroke-width="1.5" />
			</rule>
			<rule e="way" k="highway" v="primary" zoom-min="8">
				<line stroke="#FF9900" stroke-width="1.5" />
			</rule>
			<rule e="way" k="highway" v="trunk" zoom-min="8">
				<line stroke="#FF9900" stroke-width="1.5" />
			</rule>
			<rule e="way" k="highway" v="motorway">
				<line stroke="#FF5500" stroke-width="1.5" />
			</rule>
		</rule>
	</rule>
<!-- highway captions etc. -->
	<rule e="way" k="tunnel" v="~|no">
		<rule e="way" k="highway" v="footway|path|track|bridleway|steps|byway" zoom-min="14">
			<pathText k="name" font-style="bold" font-size="8" fill="#000000" stroke="#FFFFFF" stroke-width="2.0" />
		</rule>
		<rule e="way" k="highway" v="cycleway|service|construction|road|pedestrian|unclassified|residential|living_street|tertiary|tertiary_link" zoom-min="16">
			<pathText k="name" font-style="bold" font-size="8" fill="#000000" stroke="#FFFFFF" stroke-width="2.0" />
		</rule>
		<rule e="way" k="highway" v="secondary_link|primary_link|trunk_link|motorway_link|secondary|primary|trunk" zoom-min="15">
			<pathText k="name" font-style="bold" font-size="10" fill="#000000" stroke="#FFFFFF" stroke-width="2.0" />
		</rule>
		<rule e="way" k="highway" v="motorway" zoom-min="15">
			<pathText k="name" font-style="bold" font-size="12" fill="#215E8F" stroke="#FFFFFF" stroke-width="2.0" />
		</rule>
		<rule e="any" k="highway" v="secondary|tertiary" zoom-min="12">
			<rule e="way" k="name" v="~">
				<pathText k="ref" font-style="bold" font-size="10" stroke="#404040" fill="#FFFFFF" stroke-width="2.0" />
			</rule>
		</rule>
		<rule e="any" k="highway" v="trunk|primary" zoom-min="12">
			<rule e="way" k="name" v="~">
				<pathText k="ref" font-style="bold" font-size="10" stroke="#404040" fill="#FFF580" stroke-width="2.0" />
			</rule>
		</rule>
		<rule e="any" k="highway" v="motorway">
			<rule e="any" k="*" v="*" zoom-max="11" zoom-min="7">
				<pathText k="ref" font-style="bold" font-size="7" stroke="#215E8F" fill="#FFFFFF" stroke-width="2.0" />
			</rule>
			<rule e="any" k="*" v="*" zoom-min="12">
				<pathText k="ref" font-style="bold" font-size="10" stroke="#215E8F" fill="#FFFFFF" stroke-width="3.2" />
			</rule>
		</rule>
		<rule e="way" k="highway" v="*" zoom-min="15">
				<rule e="way" k="access" v="destination">
					<line stroke="#3333FF" stroke-width="0.5" stroke-dasharray="0.5,3" stroke-linecap="butt" />
				</rule>
				<rule e="way" k="access" v="private">
					<line stroke="#FF3333" stroke-width="0.5" stroke-dasharray="0.5,3" stroke-linecap="butt" />
				</rule>
				<rule e="way" k="oneway" v="yes" zoom-min="16">
					<lineSymbol src="file:/light_res/s_oneway.svg" align-center="true" repeat="true" />
				</rule>
				<rule e="way" k="oneway" v="-1" zoom-min="16">
					<lineSymbol src="file:/light_res/s_oneway_rev.svg" align-center="true" repeat="true" />
				</rule>
		</rule>
		<rule e="way" k="toll" v="tl_yes" zoom-min="14">
			<rule e="way" k="highway" v="*">
				<line stroke="#88DD0000" stroke-width="0.5" stroke-dasharray="1,12" stroke-linecap="round" />
			</rule>
		</rule>
	</rule>

<!-- other transportation ways -->
	<!-- runways -->
	<rule e="way" k="aeroway" v="runway|apron" closed="yes">
		<line stroke-width="0.2" stroke="#9EA199" stroke-linecap="butt" />
	</rule>
	<rule e="way" k="aeroway" v="taxiway">
		<rule e="way" k="bridge" v="yes|movable">
			<line stroke="#333333" stroke-width="2.8" stroke-linecap="butt" />
			<line stroke="#F2EFE4" stroke-width="2.3" stroke-linecap="butt" />
		</rule>
		<line stroke="#9EA199" stroke-width="2" stroke-linecap="butt" />
		<line stroke="#FFFCF0" stroke-width="1.8" />
	</rule>
	<rule e="way" k="aeroway" v="runway|apron" closed="no">
		<line stroke="#9EA199" stroke-width="4" stroke-linecap="butt" />
		<line stroke="#FFFCF0" stroke-width="3.8" stroke-linecap="butt" />
	</rule>
	<rule e="way" k="aeroway" v="runway|apron" closed="yes">
		<area fill="#FFFCF0" />
	</rule>
	<rule e="way" k="aeroway" v="helipad" >
		<area fill="#FFFCF0" stroke-width="0.1" stroke="#9EA199" />
	</rule>

	<!-- ferry routes -->
	<rule e="way" k="route" v="ferry" zoom-min="8">
		<line stroke="#707070" stroke-width="0.3" stroke-dasharray="15,10" stroke-linecap="butt" />
	</rule>

	<!-- railways -->
	<rule e="way" k="tunnel" v="~|no">
		<rule e="way" k="railway|highway" v="tram|light_rail|bus_guideway|subway|narrow_gauge|preserved|funicular|miniature|rail">
			<line stroke="#666666" stroke-width="0.2" />
			<line stroke="#666666" stroke-width="0.5" stroke-dasharray="2,3,2,14" stroke-linecap="butt" />
		</rule>
	</rule>

	<!-- aerial ways -->
	<rule e="way" k="aerialway" v="*" zoom-min="13">
		<line stroke="#404040" stroke-width="0.3" stroke-linecap="butt" />
		<line stroke="#404040" stroke-width="4.0" stroke-dasharray="1.5,200" stroke-linecap="butt" />
		<rule e="way" k="aerialway" v="cable_car" zoom-min="15">
			<lineSymbol src="file:/light_res/s_cable_car.svg" repeat="true" />
		</rule>
		<rule e="way" k="aerialway" v="drag_lift|rope_tow|magic_carpet" zoom-min="15">
			<lineSymbol src="file:/light_res/s_drag_lift.svg" repeat="true" />
		</rule>
		<rule e="way" k="aerialway" v="goods" zoom-min="15">
			<lineSymbol src="file:/light_res/s_goods_lift.svg" repeat="true" />
		</rule>
		<rule e="way" k="aerialway" v="chair_lift|mixed_lift" zoom-min="15">
			<lineSymbol src="file:/light_res/s_chair_lift.svg" repeat="true" />
		</rule>
		<rule e="way" k="aerialway" v="gondola" zoom-min="15">
			<lineSymbol src="file:/light_res/s_gondola.svg" repeat="true" />
		</rule>
		<rule e="any" k="*" v="*" zoom-min="15">
			<pathText k="name" font-style="bold" font-size="8" fill="#606060" stroke="#FFFFFF" stroke-width="2.0" />
		</rule>
	</rule>

<!-- POIS -->
	<!-- settlements -->
	<rule e="any" k="*" v="*">
		<rule e="node" k="place" v="suburb" zoom-min="13">
			<caption k="name" font-style="bold_italic" font-size="10" fill="#193480" stroke="#FFFFFF" stroke-width="2.0" />
		</rule>
		<rule e="node" k="place" v="isolated_dwelling|neighbourhood|farm" zoom-min="14">
			<caption k="name" font-style="italic" font-size="10" fill="#112459" stroke="#FFFFFF" stroke-width="2.0" />
		</rule>
		<rule e="node" k="place" v="hamlet|quarter" zoom-min="13">
			<caption k="name" font-style="italic" font-size="10" fill="#112459" stroke="#FFFFFF" stroke-width="2.0" />
		</rule>
		<rule e="node" k="place" v="village" zoom-max="12" zoom-min="11">
			<caption k="name" font-style="normal" font-size="10" fill="#112459" stroke="#FFFFFF" stroke-width="2.0" />
		</rule>
		<rule e="node" k="place" v="village" zoom-min="13">
			<caption k="name" font-style="bold" font-size="10" fill="#193480" stroke="#FFFFFF" stroke-width="2.0" />
		</rule>
		<rule e="node" k="place" v="town" zoom-max="10" zoom-min="8">
			<caption k="name" font-style="bold" font-size="9" fill="#193480" stroke="#FFFFFF" stroke-width="2.0" />
		</rule>
		<rule e="node" k="place" v="town" zoom-min="11">
			<caption k="name" font-style="bold" font-size="11" fill="#193480" stroke="#FFFFFF" stroke-width="2.0" />
		</rule>
		<rule e="node" k="place" v="city">
			<rule e="any" k="capital" v="~">
				<rule e="any" k="*" v="*" zoom-max="10">
					<caption k="name" font-style="bold" font-size="11" fill="#193480" stroke="#FFFFFF" stroke-width="2.0" />
				</rule>
				<rule e="any" k="*" v="*" zoom-min="11">
					<caption k="name" font-style="bold" font-size="14" fill="#193480" stroke="#FFFFFF" stroke-width="2.0" />
				</rule>
			</rule>
		</rule>
		<rule e="node" k="place" v="*">
			<rule e="node" k="capital" v="4" zoom-max="10">
				<caption k="name" font-style="bold" font-size="13" fill="#193480" stroke="#FFFFFF" stroke-width="2.0" />
			</rule>
			<rule e="node" k="capital" v="4" zoom-min="11">
				<caption k="name" font-style="bold" font-size="18" fill="#193480" stroke="#FFFFFF" stroke-width="2.0" />
			</rule>
		</rule>
		<rule e="node" k="place" v="*">
			<rule e="node" k="capital" v="2" zoom-max="10">
				<caption k="name" font-style="bold" font-size="15" fill="#193480" stroke="#FFFFFF" stroke-width="2.0" />
			</rule>
			<rule e="node" k="capital" v="2" zoom-min="11">
				<caption k="name" font-style="bold" font-size="21" fill="#193480" stroke="#FFFFFF" stroke-width="2.0" />
			</rule>
		</rule>
		<rule e="node" k="place" v="country" zoom-max="8">
			<caption k="name" font-style="bold" font-size="22" fill="#193480" stroke="#FFFFFF" stroke-width="2.0" />
		</rule>
	</rule>

	<!-- poly_labels & landcover captions-->
	<rule e="any" k="*" v="*">
		<rule e="way" k="landuse|leisure|amenity" v="village_green|recreation_ground|grass|military|garden|common|green|dog_park|allotments|cemetery|grave_yard|railway" zoom-min="16">
			<caption k="name" font-style="italic" font-family="serif" font-size="11" fill="#999999" stroke="#999999" stroke-width="0.2" />
		</rule>
		<rule e="way" k="natural|landuse" v="beach|sand|desert|rock|fell|meadow|grassland|heath|marsh|wetland|scree|shingle|scrub|forest|wood|landfill|quarry|vineyard|field|farm|farmland|farmyard" zoom-min="16">
			<caption k="name" font-style="italic" font-family="serif" font-size="11" fill="#999999" stroke="#999999" stroke-width="0.2" />
		</rule>
		<rule e="way" k="boundary" v="~">
			<rule e="way" k="leisure" v="park" zoom-min="16">
				<caption k="name" font-style="italic" font-family="serif" font-size="11" fill="#999999" stroke="#999999" stroke-width="0.2" />
			</rule>
		</rule>
		<rule e="any" k="place" v="locality" zoom-min="16">
			<rule e="any" k="natural|tourism" v="~">
				<caption k="name" font-style="italic" font-family="serif" font-size="11" fill="#999999" stroke="#999999" stroke-width="0.2" />
			</rule>
		</rule>
		<rule e="node" k="natural|landuse" v="orchard|glacier|forest|desert" zoom-min="16">
			<caption k="name" font-style="italic" font-family="serif" font-size="11" fill="#999999" stroke="#999999" stroke-width="0.2" />
		</rule>
		<rule e="node" k="landuse|natural" v="reservoir|basin|water" zoom-min="14">
			<rule e="any" k="amenity" v="~">
				<caption k="name" font-style="bold" font-size="10" fill="#FFFFFF" stroke="#6C96E6" stroke-width="2.0" />
			</rule>
		</rule>
		<rule e="any" k="place" v="island" zoom-min="14">
			<caption k="name" font-style="italic" font-family="serif" font-size="11" fill="#999999" stroke="#999999" stroke-width="0.2" />
		</rule>
	</rule>
	<rule e="any" k="*" v="*">
		<rule e="node" k="boundary|leisure" v="protected_area|national_park|nature_reserve">
			<rule e="node" k="protect_class" v="1|~" zoom-min="15">
				<caption k="name" font-style="bold_italic" font-family="serif" font-size="13" fill="#FFFFFF" stroke="#7DAD7D" stroke-width="2.5" />
			</rule>
		</rule>
		<rule e="node" k="boundary|leisure" v="protected_area|national_park|nature_reserve">
			<rule e="node" k="protect_class" v="1|~" zoom-min="15">
				<caption k="name" font-style="bold_italic" font-family="serif" font-size="10" fill="#FFFFFF" stroke="#7DAD7D" stroke-width="2.0" />
			</rule>
		</rule>
	</rule>

	<!-- natural -->
	<rule e="any" k="*" v="*">
		<rule e="node" k="natural" v="tree" zoom-min="16">
			<circle radius="1.0" scale-radius="true" fill="#008800" />
			<rule e="any" k="*" v="*" zoom-min="18">
				<caption k="name" dy="-20" font-style="bold" font-size="10" fill="#666666" stroke="#FFFFFF" stroke-width="2.0" />
			</rule>
		</rule>
		<rule e="node" k="natural" v="spring" zoom-min="16">
			<rule e="any" k="*" v="*" zoom-max="16">
				<circle radius="1.0" scale-radius="true" fill="#0080FF" />
			</rule>
			<rule e="any" k="*" v="*" zoom-min="17">
				<circle radius="0.6" scale-radius="true" fill="#0080FF" />
			</rule>
			<rule e="any" k="*" v="*" zoom-min="18">
				<caption k="name" dy="-20" font-style="bold" font-size="10" fill="#666666" stroke="#FFFFFF" stroke-width="2.0" />
			</rule>
		</rule>
		<rule e="any" k="natural" v="geyser" zoom-min="15">
			<symbol src="file:/light_res/s_geyser.svg" />
			<rule e="any" k="*" v="*" zoom-min="18">
				<caption k="name" dy="-20" font-style="bold" font-size="10" fill="#666666" stroke="#FFFFFF" stroke-width="2.0" />
			</rule>
		</rule>
		<rule e="any" k="waterway|natural" v="waterfall" zoom-min="15">
			<symbol src="file:/light_res/s_waterfall.svg" />
			<rule e="any" k="*" v="*" zoom-min="18">
				<caption k="name" dy="-20" font-style="bold" font-size="10" fill="#666666" stroke="#FFFFFF" stroke-width="2.0" />
				<caption k="ele" dy="33" font-style="bold" font-size="10" fill="#666666" stroke="#FFFFFF" stroke-width="2.0" />
			</rule>
		</rule>
		<rule e="any" k="natural" v="cave_entrance" zoom-min="15">
			<symbol src="file:/light_res/s_cave_entrance.svg" />
			<rule e="any" k="*" v="*" zoom-min="18">
				<caption k="name" dy="-20" font-style="bold" font-size="10" fill="#666666" stroke="#FFFFFF" stroke-width="2.0" />
			</rule>
		</rule>
	</rule>
	<rule e="node" k="natural" v="volcano" zoom-min="13">
		<symbol src="file:/light_res/s_volcano_small.svg" />
		<caption k="name" dy="-15" font-style="bold" font-size="9" fill="#000000" stroke="#FFFFFF" stroke-width="1.8" />
		<rule e="any" k="*" v="*" zoom-min="13">
			<caption k="ele" dy="14" font-style="normal" font-size="8" fill="#000000" stroke="#FFFFFF" stroke-width="1.8" />
		</rule>
	</rule>
	<rule e="node" k="natural" v="peak" zoom-min="13">
		<symbol src="file:/light_res/s_peak_small.svg" />
		<caption k="name" dy="-15" font-style="normal" font-size="9" fill="#000000" stroke="#FFFFFF" stroke-width="1.8" />
		<rule e="any" k="*" v="*" zoom-min="13">
			<caption k="ele" dy="14" font-style="normal" font-size="8" fill="#000000" stroke="#FFFFFF" stroke-width="1.8" />
		</rule>
	</rule>

	<!-- tourism -->
	<rule e="any" k="historic|building" v="castle" zoom-min="15">
		<symbol src="file:/light_res/s_castle.svg" />
		<rule e="any" k="*" v="*" zoom-min="18">
			<caption k="name" dy="-20" font-style="bold" font-size="10" fill="#734a08" stroke="#FFFFFF" stroke-width="2.0" />
		</rule>
	</rule>
	<rule e="any" k="historic|building" v="ruins" zoom-min="15">
		<symbol src="file:/light_res/s_ruins.svg" />
		<rule e="any" k="*" v="*" zoom-min="18">
			<caption k="name" dy="-20" font-style="bold" font-size="10" fill="#734a08" stroke="#FFFFFF" stroke-width="2.0" />
		</rule>
	</rule>
	<rule e="any" k="historic" v="archaeological_site" zoom-min="15">
		<symbol src="file:/light_res/s_archaeological.svg" />
		<rule e="any" k="*" v="*" zoom-min="18">
			<caption k="name" dy="-20" font-style="bold" font-size="10" fill="#734a08" stroke="#FFFFFF" stroke-width="2.0" />
		</rule>
	</rule>
	<rule e="any" k="historic" v="monument" zoom-min="15">
		<symbol src="file:/light_res/s_monument.svg" />
		<rule e="any" k="*" v="*" zoom-min="18">
			<caption k="name" dy="-20" font-style="bold" font-size="10" fill="#734a08" stroke="#FFFFFF" stroke-width="2.0" />
		</rule>
	</rule>
	<rule e="any" k="information" v="office" zoom-min="15">
		<symbol src="file:/light_res/s_info_office.svg" />
		<rule e="any" k="*" v="*" zoom-min="18">
			<caption k="name" dy="-20" font-style="bold" font-size="10" fill="#734A08" stroke="#FFFFFF" stroke-width="2.0" />
		</rule>
	</rule>
	<rule e="any" k="tourism|building" v="museum" zoom-min="15">
		<symbol src="file:/light_res/s_museum.svg" />
		<rule e="any" k="*" v="*" zoom-min="18">
			<caption k="name" dy="-20" font-style="bold" font-size="10" fill="#734A08" stroke="#FFFFFF" stroke-width="2.0" />
		</rule>
	</rule>
	<rule e="any" k="tourism" v="zoo" zoom-min="15">
		<symbol src="file:/light_res/s_zoo.svg" />
		<rule e="any" k="*" v="*" zoom-min="18">
			<caption k="name" dy="-20" font-style="bold" font-size="10" fill="#734A08" stroke="#FFFFFF" stroke-width="2.0" />
		</rule>
	</rule>
	<rule e="any" k="tourism" v="attraction" zoom-min="15">
		<rule e="any" k="historic|amenity|natural" v="~">
			<symbol src="file:/light_res/s_attraction.svg" />
			<rule e="any" k="*" v="*" zoom-min="18">
				<caption k="name" dy="-20" font-style="bold" font-size="10" fill="#734A08" stroke="#FFFFFF" stroke-width="2.0" />
			</rule>
		</rule>
	</rule>
	<rule e="any" k="tourism" v="viewpoint" zoom-min="16">
		<symbol src="file:/light_res/s_viewpoint.svg" />
		<rule e="any" k="natural" v="~" zoom-min="18">
			<caption k="name" dy="-20" font-size="10" font-style="bold" fill="#734A08" stroke="#FFFFFF" stroke-width="2.0" />
			<caption k="ele" dy="33" font-size="10" font-style="bold" fill="#734A08" stroke="#FFFFFF" stroke-width="2.0" />
		</rule>
	</rule>
	<rule e="any" k="amenity" v="cinema" zoom-min="16">
		<symbol src="file:/light_res/s_cinema.svg" />
		<rule e="any" k="*" v="*" zoom-min="18">
			<caption k="name" dy="-20" font-style="bold" font-size="10" fill="#734A08" stroke="#FFFFFF" stroke-width="2.0" />
		</rule>
	</rule>
	<rule e="any" k="amenity" v="theatre" zoom-min="16">
		<symbol src="file:/light_res/s_theatre.svg" />
		<rule e="any" k="*" v="*" zoom-min="18">
			<caption k="name" dy="-20" font-style="bold" font-size="10" fill="#734A08" stroke="#FFFFFF" stroke-width="2.0" />
		</rule>
	</rule>
	<rule e="any" k="amenity|building" v="library" zoom-min="16">
		<symbol src="file:/light_res/s_library.svg" />
		<rule e="any" k="*" v="*" zoom-min="18">
			<caption k="name" dy="-20" font-style="bold" font-size="10" fill="#734A08" stroke="#FFFFFF" stroke-width="2.0" />
		</rule>
	</rule>
	<rule e="any" k="amenity" v="fountain" zoom-min="17">
		<rule e="any" k="drinking_water" v="no|~">
			<symbol src="file:/light_res/s_fountain.svg" />
			<rule e="any" k="*" v="*" zoom-min="18">
				<caption k="name" dy="-20" font-style="bold" font-size="10" fill="#734A08" stroke="#FFFFFF" stroke-width="2.0" />
			</rule>
		</rule>
	</rule>
	<rule e="any" k="information" v="board" zoom-min="17">
		<symbol src="file:/light_res/s_info_board.svg" />
		<rule e="any" k="*" v="*" zoom-min="18">
			<caption k="name" dy="-20" font-style="bold" font-size="12" fill="#734A08" stroke="#FFFFFF" stroke-width="2.0" />
		</rule>
	</rule>
	<rule e="any" k="information" v="terminal" zoom-min="17">
		<symbol src="file:/light_res/s_info_terminal.svg" />
		<rule e="any" k="*" v="*" zoom-min="18">
			<caption k="name" dy="-20" font-style="bold" font-size="12" fill="#734A08" stroke="#FFFFFF" stroke-width="2.0" />
		</rule>
	</rule>
	<rule e="any" k="information" v="guidepost" zoom-min="18">
		<symbol src="file:/light_res/s_guidepost.svg" />
		<caption k="name" dy="-20" font-size="12" font-style="bold" fill="#734A08" stroke="#FFFFFF" stroke-width="2.0" />
		<caption k="ele" dy="25" font-size="12" font-style="bold" fill="#734A08" stroke="#FFFFFF" stroke-width="2.0" />
	</rule>
	<rule e="any" k="historic" v="wayside_shrine" zoom-min="17">
		<symbol src="file:/light_res/s_wayside_shrine.svg" />
		<rule e="any" k="*" v="*" zoom-min="18">
			<caption k="name" dy="-20" font-style="bold" font-size="12" fill="#734A08" stroke="#FFFFFF" stroke-width="2.0" />
		</rule>
	</rule>
	<rule e="any" k="historic" v="memorial" zoom-min="18">
		<symbol src="file:/light_res/s_memorial.svg" />
		<caption k="name" dy="-20" font-style="bold" font-size="12" fill="#734A08" stroke="#FFFFFF" stroke-width="2.0" />
	</rule>
	<rule e="any" k="historic" v="wayside_cross" zoom-min="18">
		<symbol src="file:/light_res/s_wayside_cross.svg" />
		<caption k="name" dy="-20" font-style="bold" font-size="12" fill="#734A08" stroke="#FFFFFF" stroke-width="2.0" />
	</rule>

	<!-- amenities -->
	<rule e="any" k="amenity" v="toilets" zoom-min="16">
		<symbol src="file:/light_res/s_toilets.svg" />
		<rule e="any" k="*" v="*" zoom-min="18">
			<caption k="name" dy="-20" font-style="bold" font-size="10" fill="#734A08" stroke="#FFFFFF" stroke-width="2.0" />
		</rule>
	</rule>
	<rule e="any" k="amenity|waterway" v="drinking_water|water_point" zoom-min="16">
		<symbol src="file:/light_res/s_drinking_water.svg" />
		<rule e="any" k="*" v="*" zoom-min="18">
			<caption k="name" dy="-20" font-style="bold" font-size="10" fill="#734A08" stroke="#FFFFFF" stroke-width="2.0" />
		</rule>
	</rule>
	<rule e="any" k="man_made" v="water_well">
		<rule e="any" k="drinking_water" v="yes" zoom-min="16">
			<symbol src="file:/light_res/s_drinking_water.svg" />
			<rule e="any" k="*" v="*" zoom-min="18">
				<caption k="name" dy="-20" font-style="bold" font-size="10" fill="#734A08" stroke="#FFFFFF" stroke-width="2.0" />
			</rule>
		</rule>
	</rule>
	<rule e="any" k="amenity" v="fountain" zoom-min="16">
		<rule e="any" k="drinking_water" v="yes">
			<symbol src="file:/light_res/s_drinking_water.svg" />
			<rule e="any" k="*" v="*" zoom-min="18">
				<caption k="name" dy="-20" font-style="bold" font-size="10" fill="#734A08" stroke="#FFFFFF" stroke-width="2.0" />
			</rule>
		</rule>
	</rule>
	<rule e="any" k="amenity" v="shelter" zoom-min="17">
		<symbol src="file:/light_res/s_shelter.svg" />
		<rule e="any" k="tourism" v="~" zoom-min="18">
			<caption k="name" dy="-20" font-style="bold" font-size="10" fill="#734A08" stroke="#FFFFFF" stroke-width="2.0" />
		</rule>
	</rule>
	<rule e="any" k="tourism" v="picnic_site" zoom-min="17">
		<symbol src="file:/light_res/s_picnic_site.svg" />
		<rule e="any" k="*" v="*" zoom-min="18">
			<caption k="name" dy="-20" font-style="bold" font-size="10" fill="#734A08" stroke="#FFFFFF" stroke-width="2.0" />
		</rule>
	</rule>
	<rule e="any" k="amenity" v="bench" zoom-min="18">
		<symbol src="file:/light_res/s_bench.svg" />
		<rule e="any" k="*" v="*" zoom-min="18">
			<caption k="name" dy="-20" font-style="bold" font-size="10" fill="#734A08" stroke="#FFFFFF" stroke-width="2.0" />
		</rule>
	</rule>
	<rule e="any" k="leisure" v="playground" zoom-min="16">
		<symbol src="file:/light_res/s_playground.svg" />
		<rule e="any" k="*" v="*" zoom-min="18">
			<caption k="name" dy="-20" font-style="bold" font-size="10" fill="#734A08" stroke="#FFFFFF" stroke-width="2.0" />
		</rule>
	</rule>

	<!-- accommodation -->
	<rule e="any" k="tourism" v="camp_site" zoom-min="15">
		<symbol src="file:/light_res/s_camp_site.svg" />
		<rule e="any" k="*" v="*" zoom-min="18">
			<caption k="name" dy="-20" font-style="bold" font-size="10" fill="#0092DA" stroke="#FFFFFF" stroke-width="2.0" />
		</rule>
	</rule>
	<rule e="any" k="tourism" v="caravan_site" zoom-min="15">
		<symbol src="file:/light_res/s_caravan_site.svg" />
		<rule e="any" k="*" v="*" zoom-min="18">
			<caption k="name" dy="-20" font-style="bold" font-size="10" fill="#0092DA" stroke="#FFFFFF" stroke-width="2.0" />
		</rule>
	</rule>
	<rule e="any" k="tourism" v="alpine_hut" zoom-min="15">
		<rule e="any" k="name" v="*">
			<symbol src="file:/light_res/s_alpine_hut.svg" />
			<rule e="any" k="*" v="*" zoom-min="18">
				<caption k="name" dy="-20" font-style="bold" font-size="10" fill="#0092DA" stroke="#FFFFFF" stroke-width="2.0" />
				<caption k="ele" dy="33" font-style="bold" font-size="10" fill="#0092DA" stroke="#FFFFFF" stroke-width="2.0" />
			</rule>
		</rule>
	</rule>
	<rule e="any" k="tourism" v="hostel" zoom-min="16">
		<symbol src="file:/light_res/s_hostel.svg" />
		<rule e="any" k="*" v="*" zoom-min="18">
			<caption k="name" dy="-20" font-style="bold" font-size="10" fill="#0092DA" stroke="#FFFFFF" stroke-width="2.0" />
		</rule>
	</rule>
	<rule e="any" k="tourism|building" v="hotel" zoom-min="16">
		<symbol src="file:/light_res/s_hotel.svg" />
		<rule e="any" k="*" v="*" zoom-min="18">
			<caption k="name" dy="-20" font-style="bold" font-size="10" fill="#0092DA" stroke="#FFFFFF" stroke-width="2.0" />
		</rule>
	</rule>
	<rule e="any" k="tourism" v="chalet" zoom-min="16">
		<symbol src="file:/light_res/s_chalet.svg" />
		<rule e="any" k="*" v="*" zoom-min="18">
			<caption k="name" dy="-20" font-style="bold" font-size="10" fill="#0092DA" stroke="#FFFFFF" stroke-width="2.0" />
		</rule>
	</rule>

	<!-- restaurants -->
	<rule e="any" k="amenity" v="restaurant" zoom-min="16">
		<symbol src="file:/light_res/s_restaurant.svg" />
		<rule e="any" k="*" v="*" zoom-min="18">
			<caption k="name" dy="-20" font-size="10" font-style="bold" fill="#734A08" stroke="#FFFFFF" stroke-width="2.0" />
		</rule>
	</rule>
	<rule e="any" k="amenity" v="fast_food" zoom-min="16">
		<symbol src="file:/light_res/s_fastfood.svg" />
		<rule e="any" k="*" v="*" zoom-min="18">
			<caption k="name" dy="-20" font-size="10" font-style="bold" fill="#734A08" stroke="#FFFFFF" stroke-width="2.0" />
		</rule>
	</rule>
	<rule e="any" k="amenity" v="biergarten" zoom-min="16">
		<symbol src="file:/light_res/s_biergarten.svg" />
		<rule e="any" k="*" v="*" zoom-min="18">
			<caption k="name" dy="-20" font-size="10" font-style="bold" fill="#734A08" stroke="#FFFFFF" stroke-width="2.0" />
		</rule>
	</rule>
	<rule e="any" k="amenity" v="cafe" zoom-min="16">
		<symbol src="file:/light_res/s_cafe.svg" />
		<rule e="any" k="*" v="*" zoom-min="18">
			<caption k="name" dy="-20" font-size="10" font-style="bold" fill="#734A08" stroke="#FFFFFF" stroke-width="2.0" />
		</rule>
	</rule>
	<rule e="any" k="amenity" v="pub|bar" zoom-min="17">
		<symbol src="file:/light_res/s_pub.svg" />
		<rule e="any" k="*" v="*" zoom-min="18">
			<caption k="name" dy="-20" font-size="10" font-style="bold" fill="#734A08" stroke="#FFFFFF" stroke-width="2.0" />
		</rule>
	</rule>

	<!-- shops -->
	<rule e="any" k="amenity" v="marketplace" zoom-min="15">
		<symbol src="file:/light_res/s_marketplace.svg" />
		<rule e="any" k="*" v="*" zoom-min="18">
			<caption k="name" dy="-20" font-style="bold" font-size="10" fill="#AC39AC" stroke="#FFFFFF" stroke-width="2.0" />
		</rule>
	</rule>
	<rule e="any" k="shop" v="supermarket" zoom-min="16">
		<symbol src="file:/light_res/s_supermarket.svg" />
		<rule e="any" k="*" v="*" zoom-min="18">
			<caption k="name" dy="-20" font-style="bold" font-size="10" fill="#AC39AC" stroke="#FFFFFF" stroke-width="2.0" />
		</rule>
	</rule>
	<rule e="any" k="shop" v="convenience" zoom-min="16">
		<symbol src="file:/light_res/s_convenience.svg" />
		<rule e="any" k="*" v="*" zoom-min="18">
			<caption k="name" dy="-20" font-style="bold" font-size="10" fill="#AC39AC" stroke="#FFFFFF" stroke-width="2.0" />
		</rule>
	</rule>
	<rule e="any" k="shop" v="bakery" zoom-min="16">
		<symbol src="file:/light_res/s_bakery.svg" />
		<rule e="any" k="*" v="*" zoom-min="18">
			<caption k="name" dy="-20" font-style="bold" font-size="10" fill="#AC39AC" stroke="#FFFFFF" stroke-width="2.0" />
		</rule>
	</rule>
	<rule e="any" k="amenity" v="fuel" zoom-min="15">
		<symbol src="file:/light_res/s_fuel.svg" />
		<rule e="any" k="*" v="*" zoom-min="18">
			<caption k="name" dy="-20" font-style="bold" font-size="10" fill="#AC39AC" stroke="#FFFFFF" stroke-width="2.0" />
		</rule>
	</rule>
	<rule e="any" k="shop" v="organic" zoom-min="17">
		<symbol src="file:/light_res/s_organic.svg" />
		<rule e="any" k="*" v="*" zoom-min="18">
			<caption k="name" dy="-20" font-style="bold" font-size="10" fill="#AC39AC" stroke="#FFFFFF" stroke-width="2.0" />
		</rule>
	</rule>
	<rule e="any" k="shop" v="butcher" zoom-min="17">
		<symbol src="file:/light_res/s_butcher.svg" />
		<rule e="any" k="*" v="*" zoom-min="18">
			<caption k="name" dy="-20" font-style="bold" font-size="10" fill="#AC39AC" stroke="#FFFFFF" stroke-width="2.0" />
		</rule>
	</rule>
	<rule e="any" k="amenity" v="atm" zoom-min="17">
		<symbol src="file:/light_res/s_atm.svg" />
		<rule e="any" k="*" v="*" zoom-min="18">
			<caption k="name" dy="-20" font-style="bold" font-size="10" fill="#734A08" stroke="#FFFFFF" stroke-width="2.0" />
		</rule>
	</rule>
	<rule e="any" k="amenity" v="bank" zoom-min="16">
		<symbol src="file:/light_res/s_bank.svg" />
		<rule e="any" k="*" v="*" zoom-min="18">
			<caption k="name" dy="-20" font-style="bold" font-size="10" fill="#AC39AC" stroke="#FFFFFF" stroke-width="2.0" />
		</rule>
	</rule>
	<rule e="any" k="amenity" v="post_office" zoom-min="16">
		<symbol src="file:/light_res/s_postoffice.svg" />
		<rule e="any" k="*" v="*" zoom-min="18">
			<caption k="name" dy="-20" font-style="bold" font-size="10" fill="#AC39AC" stroke="#FFFFFF" stroke-width="2.0" />
		</rule>
	</rule>
	<rule e="any" k="amenity" v="post_box" zoom-min="17">
		<symbol src="file:/light_res/s_postbox.svg" />
		<rule e="any" k="*" v="*" zoom-min="18">
			<caption k="name" dy="-20" font-style="bold" font-size="10" fill="#734A08" stroke="#FFFFFF" stroke-width="2.0" />
		</rule>
	</rule>
	<rule e="any" k="shop" v="sports" zoom-min="17">
		<symbol src="file:/light_res/s_sports_shop.svg" />
		<rule e="any" k="*" v="*" zoom-min="18">
			<caption k="name" dy="-20" font-style="bold" font-size="10" fill="#AC39AC" stroke="#FFFFFF" stroke-width="2.0" />
		</rule>
	</rule>
	<rule e="any" k="shop" v="doityourself" zoom-min="17">
		<symbol src="file:/light_res/s_doityourself.svg" />
		<rule e="any" k="*" v="*" zoom-min="18">
			<caption k="name" dy="-20" font-style="bold" font-size="10" fill="#AC39AC" stroke="#FFFFFF" stroke-width="2.0" />
		</rule>
	</rule>
	<rule e="any" k="amenity" v="bicycle_rental" zoom-min="17">
		<symbol src="file:/light_res/s_bicycle_rental.svg" />
		<rule e="any" k="*" v="*" zoom-min="18">
			<caption k="name" dy="-20" font-style="bold" font-size="10" fill="#0092DA" stroke="#FFFFFF" stroke-width="2.0" />
		</rule>
	</rule>
	<rule e="any" k="shop|vending" v="bicycle|bicycle_tube" zoom-min="17">
		<symbol src="file:/light_res/s_bicycle_shop.svg" />
		<rule e="any" k="*" v="*" zoom-min="18">
			<caption k="name" dy="-20" font-style="bold" font-size="10" fill="#AC39AC" stroke="#FFFFFF" stroke-width="2.0" />
		</rule>
	</rule>
	<rule e="any" k="shop" v="chemist" zoom-min="17">
		<symbol src="file:/light_res/s_chemist.svg" />
		<rule e="any" k="*" v="*" zoom-min="18">
			<caption k="name" dy="-20" font-style="bold" font-size="10" fill="#AC39AC" stroke="#FFFFFF" stroke-width="2.0" />
		</rule>
	</rule>
	<rule e="any" k="shop" v="laundry" zoom-min="17">
		<symbol src="file:/light_res/s_laundry.svg" />
		<rule e="any" k="*" v="*" zoom-min="18">
			<caption k="name" dy="-20" font-style="bold" font-size="10" fill="#AC39AC" stroke="#FFFFFF" stroke-width="2.0" />
		</rule>
	</rule>
	<rule e="any" k="shop" v="beverages" zoom-min="17">
		<symbol src="file:/light_res/s_beverages.svg" />
		<rule e="any" k="*" v="*" zoom-min="18">
			<caption k="name" dy="-20" font-style="bold" font-size="10" fill="#AC39AC" stroke="#FFFFFF" stroke-width="2.0" />
		</rule>
	</rule>
	<rule e="any" k="shop" v="books" zoom-min="17">
		<symbol src="file:/light_res/s_books.svg" />
		<rule e="any" k="*" v="*" zoom-min="18">
			<caption k="name" dy="-20" font-style="bold" font-size="10" fill="#AC39AC" stroke="#FFFFFF" stroke-width="2.0" />
		</rule>
	</rule>

	<!-- public transport -->
	<rule e="any" k="railway" v="station|halt" zoom-min="14">
		<rule e="any" k="station" v="~">
			<symbol src="file:/light_res/s_pt_rail.svg" />
			<rule e="any" k="*" v="*" zoom-min="15">
				<caption k="name" dy="-20" font-style="bold" font-size="10" fill="#38732E" stroke="#FFFFFF" stroke-width="2.00" />
			</rule>
		</rule>
	</rule>
	<rule e="any" k="amenity" v="ferry_terminal" zoom-min="14">
		<symbol src="file:/light_res/s_pt_ferry.svg" />
		<rule e="any" k="*" v="*" zoom-min="15">
			<caption k="name" dy="-20" font-style="bold" font-size="9" fill="#0092DA" stroke="#FFFFFF" stroke-width="2.00" />
		</rule>
	</rule>
	<rule e="any" k="station" v="subway" zoom-min="15">
		<symbol src="file:/light_res/s_pt_subway.svg" />
		<rule e="any" k="*" v="*" zoom-min="16">
			<caption k="name" dy="-20" font-style="bold" font-size="10" fill="#115D91" stroke="#FFFFFF" stroke-width="2.00" />
		</rule>
	</rule>
	<rule e="any" k="station|railway" v="light_rail|tram_stop" zoom-min="15">
		<symbol src="file:/light_res/s_pt_tram.svg" />
		<rule e="any" k="*" v="*" zoom-min="16">
			<caption k="name" dy="-20" font-style="bold" font-size="9" fill="#BE1414" stroke="#FFFFFF" stroke-width="2.00" />
		</rule>
	</rule>
	<rule e="any" k="amenity|highway" v="bus_station|bus_stop" zoom-min="16">
		<symbol src="file:/light_res/s_pt_bus.svg" />
		<rule e="any" k="*" v="*" zoom-min="17">
			<caption k="name" dy="-15" font-style="bold" font-size="9" fill="#95276E" stroke="#FFFFFF" stroke-width="2.00" />
		</rule>
	</rule>
	<rule e="any" k="aeroway" v="helipad" zoom-min="16">
		<symbol src="file:/light_res/s_helipad.svg" />
		<rule e="any" k="*" v="*" zoom-min="18">
			<caption k="name" dy="-20" font-style="bold" font-size="10" fill="#0092DA" stroke="#FFFFFF" stroke-width="2.0" />
		</rule>
	</rule>
	<rule e="any" k="aeroway" v="aerodrome|airport" zoom-min="15">
		<symbol src="file:/light_res/s_airport.svg" />
		<rule e="any" k="*" v="*" zoom-min="18">
			<caption k="name" dy="-20" font-style="bold" font-size="10" fill="#0092DA" stroke="#FFFFFF" stroke-width="2.0" />
		</rule>
	</rule>

	<!-- car -->
	<rule e="any" k="shop" v="car" zoom-min="16">
		<symbol src="file:/light_res/s_car_shop.svg" />
		<rule e="any" k="*" v="*" zoom-min="18">
			<caption k="name" dy="-20" font-style="bold" font-size="10" fill="#AC39AC" stroke="#FFFFFF" stroke-width="2.0" />
		</rule>
	</rule>
	<rule e="any" k="amenity" v="parking" zoom-min="17">
		<rule e="any" k="access" v="private|destination">
			<symbol src="file:/light_res/s_parking_private.svg" />
			<rule e="any" k="*" v="*" zoom-min="18">
				<caption k="name" dy="-20" font-size="10" font-style="bold" fill="#0092DA" stroke="#FFFFFF" stroke-width="2.0" />
			</rule>
		</rule>
		<rule e="any" k="access" v="~">
			<symbol src="file:/light_res/s_parking.svg" />
			<rule e="any" k="*" v="*" zoom-min="18">
				<caption k="name" dy="-20" font-size="10" font-style="bold" fill="#0092DA" stroke="#FFFFFF" stroke-width="2.0" />
			</rule>
		</rule>
	</rule>
	<rule e="node" k="addr:housenumber" v="*">
		<rule e="node" k="highway" v="motorway_junction" zoom-max="14" zoom-min="13">
			<circle radius="4.8" scale-radius="false" fill="#215E8F" stroke-width="0" />
			<caption k="addr:housenumber" font-style="bold" font-size="7" fill="#FFFFFF" stroke="#215E8F" stroke-width="2.0" />
			<caption k="name" dy="-16" font-style="bold" font-size="9" fill="#FFFFFF" stroke="#215E8F" stroke-width="2.0" />
		</rule>
		<rule e="node" k="highway" v="motorway_junction" zoom-min="15">
			<circle radius="5.6" scale-radius="false" fill="#215E8F" stroke-width="0" />
			<caption k="addr:housenumber" font-style="bold" font-size="8" fill="#FFFFFF" stroke="#215E8F" stroke-width="2.0" />
			<caption k="name" dy="-16" font-style="bold" font-size="10" fill="#FFFFFF" stroke="#215E8F" stroke-width="2.0" />
		</rule>
	</rule>

	<!-- special buildings -->
	<rule e="any" k="tower" v="observation" zoom-min="15">
		<symbol src="file:/light_res/s_tower_observation.svg" />
		<rule e="any" k="*" v="*" zoom-min="18">
			<caption k="name" dy="-20" font-style="bold" font-size="10" fill="#666666" stroke="#FFFFFF" stroke-width="2.0" />
		</rule>
	</rule>
	<rule e="any" k="man_made" v="lighthouse" zoom-min="15">
		<symbol src="file:/light_res/s_lighthouse.svg" />
		<rule e="any" k="*" v="*" zoom-min="18">
			<caption k="name" dy="-20" font-style="bold" font-size="10" fill="#0092DA" stroke="#FFFFFF" stroke-width="2.0" />
		</rule>
	</rule>
	<rule e="any" k="man_made" v="windmill" zoom-min="15">
		<symbol src="file:/light_res/s_windmill.svg" />
		<rule e="any" k="*" v="*" zoom-min="18">
			<caption k="name" dy="-20" font-style="bold" font-size="10" fill="#734A08" stroke="#FFFFFF" stroke-width="2.0" />
		</rule>
	</rule>
	<rule e="any" k="building" v="church" zoom-min="15">
		<symbol src="file:/light_res/s_church.svg" />
			<rule e="any" k="*" v="*" zoom-min="18">
				<caption k="name" dy="-20" font-style="bold" font-size="10" fill="#666666" stroke="#FFFFFF" stroke-width="2.0" />
			</rule>
	</rule>
	<rule e="any" k="amenity" v="place_of_worship" zoom-min="15">
		<rule e="any" k="historic" v="~">
			<rule e="any" k="religion" v="christian">
				<symbol src="file:/light_res/s_church.svg" />
				<rule e="any" k="*" v="*" zoom-min="18">
					<caption k="name" dy="-20" font-style="bold" font-size="10" fill="#666666" stroke="#FFFFFF" stroke-width="2.0" />
				</rule>
			</rule>
			<rule e="any" k="religion" v="jewish">
				<symbol src="file:/light_res/s_synagogue.svg" />
				<rule e="any" k="*" v="*" zoom-min="18">
					<caption k="name" dy="-20" font-style="bold" font-size="10" fill="#666666" stroke="#FFFFFF" stroke-width="2.0" />
				</rule>
			</rule>
			<rule e="any" k="religion" v="muslim">
				<symbol src="file:/light_res/s_mosque.svg" />
				<rule e="any" k="*" v="*" zoom-min="18">
					<caption k="name" dy="-20" font-style="bold" font-size="10" fill="#666666" stroke="#FFFFFF" stroke-width="2.0" />
				</rule>
			</rule>
			<rule e="any" k="religion" v="buddhist">
				<symbol src="file:/light_res/s_buddhist.svg" />
				<rule e="any" k="*" v="*" zoom-min="18">
					<caption k="name" dy="-20" font-style="bold" font-size="10" fill="#666666" stroke="#FFFFFF" stroke-width="2.0" />
				</rule>
			</rule>
			<rule e="any" k="religion" v="hindu">
				<symbol src="file:/light_res/s_hindu.svg" />
				<rule e="any" k="*" v="*" zoom-min="18">
					<caption k="name" dy="-20" font-style="bold" font-size="10" fill="#666666" stroke="#FFFFFF" stroke-width="2.0" />
				</rule>
			</rule>
			<rule e="any" k="religion" v="shinto">
				<symbol src="file:/light_res/s_shinto.svg" />
				<rule e="any" k="*" v="*" zoom-min="18">
					<caption k="name" dy="-20" font-style="bold" font-size="10" fill="#666666" stroke="#FFFFFF" stroke-width="2.0" />
				</rule>
			</rule>
			<rule e="any" k="religion" v="~">
				<symbol src="file:/light_res/s_place_of_worship.svg" />
				<rule e="any" k="*" v="*" zoom-min="18">
					<caption k="name" dy="-20" font-style="bold" font-size="10" fill="#666666" stroke="#FFFFFF" stroke-width="2.0" />
				</rule>
			</rule>
		</rule>
	</rule>
	<rule e="any" k="amenity" v="kindergarten" zoom-min="17">
		<symbol src="file:/light_res/s_kindergarten.svg" />
		<rule e="any" k="*" v="*" zoom-min="18">
			<caption k="name" dy="-20" font-style="bold" font-size="10" fill="#39AC39" stroke="#FFFFFF" stroke-width="2.0" />
		</rule>
	</rule>
	<rule e="any" k="amenity" v="school" zoom-min="17">
		<symbol src="file:/light_res/s_school.svg" />
		<rule e="any" k="*" v="*" zoom-min="18">
			<caption k="name" dy="-20" font-style="bold" font-size="10" fill="#39AC39" stroke="#FFFFFF" stroke-width="2.0" />
		</rule>
	</rule>
	<rule e="any" k="amenity" v="university|college" zoom-min="17">
		<symbol src="file:/light_res/s_university.svg" />
		<rule e="any" k="*" v="*" zoom-min="18">
			<caption k="name" dy="-20" font-style="bold" font-size="10" fill="#39AC39" stroke="#FFFFFF" stroke-width="2.0" />
		</rule>
	</rule>

	<!-- emergency -->
	<rule e="any" k="amenity" v="hospital" zoom-min="16">
		<symbol src="file:/light_res/s_hospital.svg" />
		<rule e="any" k="*" v="*" zoom-min="18">
			<caption k="name" dy="-20" font-style="bold" font-size="10" fill="#DA0092" stroke="#FFFFFF" stroke-width="2.0" />
		</rule>
	</rule>
	<rule e="any" k="emergency" v="phone" zoom-min="17">
		<symbol src="file:/light_res/s_emergency_phone.svg" />
		<rule e="any" k="*" v="*" zoom-min="18">
			<caption k="name" dy="-20" font-style="bold" font-size="10" fill="#DA0092" stroke="#FFFFFF" stroke-width="2.0" />
		</rule>
	</rule>
	<rule e="any" k="amenity" v="pharmacy" zoom-min="17">
		<symbol src="file:/light_res/s_pharmacy.svg" />
		<rule e="any" k="*" v="*" zoom-min="18">
			<caption k="name" dy="-20" font-style="bold" font-size="10" fill="#DA0092" stroke="#FFFFFF" stroke-width="2.0" />
		</rule>
	</rule>
	<rule e="any" k="amenity" v="doctors" zoom-min="17">
		<symbol src="file:/light_res/s_doctors.svg" />
		<rule e="any" k="*" v="*" zoom-min="18">
			<caption k="name" dy="-20" font-style="bold" font-size="10" fill="#DA0092" stroke="#FFFFFF" stroke-width="2.0" />
		</rule>
	</rule>
	<rule e="any" k="amenity|building" v="embassy" zoom-min="17">
		<symbol src="file:/light_res/s_embassy.svg" />
		<rule e="any" k="*" v="*" zoom-min="18">
			<caption k="name" dy="-20" font-style="bold" font-size="10" fill="#666666" stroke="#FFFFFF" stroke-width="2.0" />
		</rule>
	</rule>
	<rule e="any" k="amenity" v="police" zoom-min="17">
		<symbol src="file:/light_res/s_police.svg" />
		<rule e="any" k="*" v="*" zoom-min="18">
			<caption k="name" dy="-20" font-style="bold" font-size="10" fill="#734A08" stroke="#FFFFFF" stroke-width="2.0" />
		</rule>
	</rule>
	<rule e="any" k="amenity" v="fire_station" zoom-min="17">
		<symbol src="file:/light_res/s_firebrigade.svg" />
		<rule e="any" k="*" v="*" zoom-min="18">
			<caption k="name" dy="-20" font-style="bold" font-size="10" fill="#734A08" stroke="#FFFFFF" stroke-width="2.0" />
		</rule>
	</rule>

	<!-- sports -->
	<rule e="any" k="leisure" v="water_park" zoom-min="16">
		<symbol src="file:/light_res/s_swimming_outdoor.svg" />
		<rule e="any" k="*" v="*" zoom-min="18">
			<caption k="name" dy="-20" font-style="bold" font-size="10" fill="#39AC39" stroke="#FFFFFF" stroke-width="2.0" />
		</rule>
	</rule>
	<rule e="way" k="leisure" v="~" zoom-min="16">
		<rule e="way" k="sport" v="swimming">
			<symbol src="file:/light_res/s_swimming_outdoor.svg" />
			<rule e="any" k="*" v="*" zoom-min="18">
				<caption k="name" dy="-20" font-style="bold" font-size="10" fill="#39AC39" stroke="#FFFFFF" stroke-width="2.0" />
			</rule>
		</rule>
	</rule>
	<rule e="node" k="sport" v="swimming" zoom-min="16">
		<symbol src="file:/light_res/s_swimming_outdoor.svg" />
		<rule e="any" k="*" v="*" zoom-min="18">
			<caption k="name" dy="-20" font-style="bold" font-size="10" fill="#39AC39" stroke="#FFFFFF" stroke-width="2.0" />
		</rule>
	</rule>
	<rule e="any" k="sport" v="soccer" zoom-min="16">
		<symbol src="file:/light_res/s_soccer.svg" />
		<rule e="any" k="*" v="*" zoom-min="18">
			<caption k="name" dy="-20" font-style="bold" font-size="10" fill="#39AC39" stroke="#FFFFFF" stroke-width="2.0" />
		</rule>
	</rule>
	<rule e="any" k="sport" v="tennis" zoom-min="16">
		<symbol src="file:/light_res/s_tennis.svg" />
		<rule e="any" k="*" v="*" zoom-min="18">
			<caption k="name" dy="-20" font-style="bold" font-size="10" fill="#39AC39" stroke="#FFFFFF" stroke-width="2.0" />
		</rule>
	</rule>
	<rule e="any" k="sport|leisure" v="golf|golf_course" zoom-min="16">
		<symbol src="file:/light_res/s_golf.svg" />
		<rule e="any" k="*" v="*" zoom-min="18">
			<caption k="name" dy="-20" font-style="bold" font-size="10" fill="#39AC39" stroke="#FFFFFF" stroke-width="2.0" />
		</rule>
	</rule>
	<rule e="any" k="sport" v="shooting" zoom-min="17">
		<symbol src="file:/light_res/s_shooting.svg" />
		<rule e="any" k="*" v="*" zoom-min="18">
			<caption k="name" dy="-20" font-style="bold" font-size="10" fill="#39AC39" stroke="#FFFFFF" stroke-width="2.0" />
		</rule>
	</rule>
	<rule e="any" k="leisure" v="stadium" zoom-min="15">
		<symbol src="file:/light_res/s_stadium.svg" />
		<rule e="any" k="*" v="*" zoom-min="18">
			<caption k="name" dy="-20" font-style="bold" font-size="10" fill="#39AC39" stroke="#FFFFFF" stroke-width="2.0" />
		</rule>
	</rule>
	<rule e="any" k="leisure" v="sports_centre" zoom-min="17">
		<symbol src="file:/light_res/s_gym.svg" />
		<rule e="any" k="*" v="*" zoom-min="18">
			<caption k="name" dy="-20" font-style="bold" font-size="10" fill="#39AC39" stroke="#FFFFFF" stroke-width="2.0" />
		</rule>
	</rule>
	<rule e="any" k="leisure" v="slipway" zoom-min="17">
		<symbol src="file:/light_res/s_slipway.svg" />
		<rule e="any" k="*" v="*" zoom-min="18">
			<caption k="name" dy="-20" font-style="bold" font-size="10" fill="#0092DA" stroke="#FFFFFF" stroke-width="2.0" />
		</rule>
	</rule>

	<!-- traffic barriers -->
	<rule e="any" k="highway" v="traffic_signals" zoom-min="17">
		<symbol src="file:/light_res/s_traffic_signal.svg" />
	</rule>
	<rule e="any" k="railway" v="crossing" zoom-min="17">
		<symbol src="file:/light_res/s_railway-crossing-small.svg" />
	</rule>
	<rule e="any" k="railway" v="level_crossing" zoom-min="17">
		<symbol src="file:/light_res/s_railway-crossing.svg" />
	</rule>

	<!-- building captions -->
	<rule e="any" k="highway" v="~">
		<rule e="any" k="addr:housenumber" v="*" zoom-min="19">
			<caption k="addr:housenumber" font-style="bold" font-size="8" fill="#666666" stroke="#FFFFFF" stroke-width="2.0" />
		</rule>
	</rule>
	<rule e="any" k="building" v="*" zoom-min="18">
		<caption k="name" dy="-20" font-style="bold" font-size="10" fill="#666666" stroke="#FFFFFF" stroke-width="2.0" />
	</rule>

</rendertheme>
